Symbol,Name,Last,Change,%Chg,High,Low,Volume,Time
DXCM,Dexcom Inc,89.29,8.2,10.11%,92.99,86.27,14954600,10/27/23
INTC,Intel Corp,35.54,3.02,9.29%,36.38,34.6,84128203,10/27/23
COF,Capital One Financial Corp,97.74,8.23,9.19%,99.77,96.15,6534000,10/27/23
AMZN,Amazon.com Inc,127.74,8.17,6.83%,130.02,125.52,125309297,10/27/23
SWK,Stanley Black & Decker Inc,82.03,4.8,6.22%,84.65,81.3,4369000,10/27/23
JNPR,Juniper Networks,26.61,1.53,6.10%,28.56,26.24,9602100,10/27/23
CMG,Chipotle Mexican Grill,1887.59,81.12,4.49%,1952.67,1856.5,905800,10/27/23
NEM,Newmont Mining Corp,38.97,1.49,3.98%,39.13,37.8,20582201,10/27/23
ANET,Arista Networks Inc,176.19,6.37,3.75%,177,170.87,2789400,10/27/23
STX,Seagate Technology Hldgs Plc,68.2,2.36,3.58%,69,66.79,4000800,10/27/23
EMN,Eastman Chemical Company,72.58,2.48,3.54%,74.2,70.65,1562300,10/27/23
AMD,Adv Micro Devices,96.43,2.76,2.95%,97.35,94.59,52458598,10/27/23
META,Meta Platforms Inc,296.73,8.38,2.91%,299.31,292.97,29596201,10/27/23
FICO,Fair Isaac and Company,848.1,18.38,2.22%,849,823.49,235800,10/27/23
WDC,Western Digital Cp,38.97,0.71,1.86%,39.41,38.08,6533300,10/27/23
MU,Micron Technology,65.65,1.12,1.74%,66.27,64.88,9980199,10/27/23
STLD,Steel Dynamics Inc,104.11,1.75,1.71%,104.56,101.66,1488800,10/27/23
HCA,Hca Holdings Inc,225.29,3.48,1.57%,227.83,220.55,1320300,10/27/23
MOH,Molina Healthcare Inc,336.1,4.71,1.42%,341.26,330.33,567000,10/27/23
AVGO,Broadcom Ltd,838.36,11.61,1.40%,840.21,828.54,1823600,10/27/23
SYK,Stryker Corp,261.91,3.33,1.29%,262.07,257.98,3783600,10/27/23
CMCSA,Comcast Corp A,39.64,0.49,1.25%,40.41,37.92,35948898,10/27/23
KDP,Keurig Dr Pepper Inc,29.87,0.36,1.22%,30.28,29.34,15490200,10/27/23
DLR,Digital Realty Trust,122.35,1.42,1.17%,126.51,120.14,3383700,10/27/23
ZBRA,Zebra Technologies,207.18,2.35,1.15%,207.55,201.16,564900,10/27/23
ROL,Rollins Inc,36.1,0.39,1.09%,36.65,35.71,3010400,10/27/23
TTWO,Take-Two Interactive,134.43,1.39,1.04%,135.4,132.73,1516000,10/27/23
IFF,International Flavors & Fragrances,67.85,0.68,1.01%,68.29,66.87,3680400,10/27/23
GWW,W.W. Grainger,706.76,7.09,1.01%,711.93,699.97,409200,10/27/23
CZR,Caesars Entertainment Inc,39.14,0.38,0.98%,40.12,38.61,3602200,10/27/23
FTNT,Fortinet Inc,56.26,0.54,0.97%,56.57,55.58,5318000,10/27/23
ON,On Semiconductor,83.52,0.73,0.88%,84.57,82.65,10637300,10/27/23
OTIS,Otis Worldwide Corp,76.14,0.62,0.82%,76.61,75.16,2331000,10/27/23
QCOM,Qualcomm Inc,106.46,0.84,0.80%,107.89,105.83,7291900,10/27/23
AAPL,Apple Inc,168.22,1.33,0.80%,168.96,166.83,58499098,10/27/23
IP,International Paper Company,33.14,0.26,0.79%,33.34,32.56,3855100,10/27/23
SNPS,Synopsys Inc,457,3.46,0.76%,460.15,453.38,559700,10/27/23
TSLA,Tesla Inc,207.3,1.54,0.75%,212.41,205.77,94881109,10/27/23
PSX,Phillips 66,110.93,0.83,0.75%,112.06,107.85,5214800,10/27/23
ANSS,Ansys Inc,270.75,1.96,0.73%,272.51,266.76,528000,10/27/23
PANW,Palo Alto Networks Inc,238.79,1.6,0.67%,242.39,237.28,2283700,10/27/23
FAST,Fastenal Company,57.61,0.37,0.65%,58.15,57.06,4013300,10/27/23
LYB,Lyondellbasell Industries NV,90.44,0.58,0.65%,91.34,88.46,2418400,10/27/23
EG,Everest Re Group,385.58,2.36,0.62%,390.56,378.59,648800,10/27/23
ORCL,Oracle Corp,100.99,0.59,0.59%,102.09,100.59,5207800,10/27/23
MSFT,Microsoft Corp,329.81,1.92,0.59%,336.72,328.4,29856500,10/27/23
YUM,Yum! Brands,119.44,0.69,0.58%,120.25,118.28,2330900,10/27/23
NOW,Servicenow Inc,554.01,3.06,0.56%,564,548.44,1755700,10/27/23
HON,Honeywell International Inc,177,0.94,0.53%,179.12,175.35,3400300,10/27/23
NTAP,Netapp Inc,71.81,0.38,0.53%,72.62,71.25,1087100,10/27/23
HPE,Hewlett Packard Enterprise Comp,15.21,0.08,0.53%,15.44,15.13,9000300,10/27/23
HLT,Hilton Inc,149.17,0.7,0.47%,152.04,148.42,1702400,10/27/23
MPWR,Monolithic Power Sys,405.93,1.87,0.46%,410.56,399.53,521700,10/27/23
NVDA,Nvidia Corp,405,1.74,0.43%,412.06,400.15,41678398,10/27/23
FDX,Fedex Corp,228.84,0.91,0.40%,233.19,227.09,2004500,10/27/23
HAL,Halliburton Company,39.6,0.15,0.38%,39.81,38.92,7357300,10/27/23
CSCO,Cisco Systems Inc,51.56,0.19,0.37%,52.15,51.4,13333899,10/27/23
AMAT,Applied Materials,131.3,0.46,0.35%,133.11,130.56,4397300,10/27/23
BA,Boeing Company,179.69,0.6,0.34%,182.33,179.01,4606300,10/27/23
SYF,Synchrony Financial,28.09,0.09,0.32%,28.92,27.99,5471700,10/27/23
ORLY,O'Reilly Automotive,924.56,2.92,0.32%,930.93,915.93,711200,10/27/23
CHRW,C.H. Robinson Ww,81.26,0.24,0.30%,83.24,80.95,1511200,10/27/23
MLM,Martin Marietta Materials,399.03,1.17,0.29%,400.98,389.9,410400,10/27/23
CDW,CDW Corp,198.9,0.48,0.24%,199.84,196.69,645900,10/27/23
SEE,Sealed Air Corp,30.88,0.07,0.23%,31.02,30.47,2232600,10/27/23
CARR,Carrier Global Corp,46.5,0.1,0.22%,46.72,45.68,6082500,10/27/23
QRVO,Qorvo Inc,86.47,0.19,0.22%,87.56,85.94,1005500,10/27/23
DRI,Darden Restaurants,142.49,0.3,0.21%,145.52,142.37,1031100,10/27/23
KMX,Carmax Inc,60.51,0.12,0.20%,61.65,59.85,1676100,10/27/23
ALGN,Align Technology,190.94,0.38,0.20%,197.47,185.55,2731800,10/27/23
ALLE,Allegion Plc,97.43,0.18,0.19%,98.44,96.9,748000,10/27/23
DOW,Dow Inc,48.11,0.09,0.19%,48.54,47.84,4714900,10/27/23
CDNS,Cadence Design Sys,230.87,0.43,0.19%,233.28,229.12,1428100,10/27/23
CRM,Salesforce Inc,196.57,0.32,0.16%,198.31,195.41,3168500,10/27/23
AKAM,Akamai Technologies,102.01,0.16,0.16%,102.59,101.45,842500,10/27/23
PTC,Ptc Inc,136.06,0.21,0.15%,137.49,135.03,533000,10/27/23
ETSY,Etsy Inc,62.46,0.09,0.14%,63.74,61.65,3059100,10/27/23
TDG,Transdigm Group Inc,819.05,1.05,0.13%,820.95,811.42,222800,10/27/23
WAT,Waters Corp,244.76,0.31,0.13%,246.87,241.43,855500,10/27/23
CTLT,Catalent Inc,39.32,0.05,0.13%,39.99,38.88,2235000,10/27/23
BALL,Ball Corporation,47.06,0.06,0.13%,47.24,46.31,3928300,10/27/23
BKNG,Booking Holdings Inc,2746.16,3.47,0.13%,2784.59,2737.26,209800,10/27/23
LW,Lamb Weston Holdings Inc,88.88,0.1,0.11%,90.13,88.34,2126800,10/27/23
MO,Altria Group,39.3,0.04,0.10%,40.36,39.19,14405800,10/27/23
ZBH,Zimmer Biomet Holdings,103.19,0.07,0.07%,104.81,102.71,1534500,10/27/23
LIN,Linde Plc,370.53,0.21,0.06%,376.56,367.86,1945300,10/27/23
DHI,D.R. Horton,101.7,0.05,0.05%,102.74,101.1,2065600,10/27/23
INTU,Intuit Inc,479.52,0.07,0.01%,482.51,473.89,1563700,10/27/23
RTX,Rtx Corp,79.16,0.01,0.01%,79.77,78.42,21946801,10/27/23
STE,Steris Corp,209.39,-0.01,0.00%,212.14,207.56,251900,10/27/23
RSG,Republic Services,146,-0.02,-0.01%,149.73,145.6,1865100,10/27/23
ULTA,Ulta Beauty Inc,379.87,-0.09,-0.02%,385.91,379.51,462800,10/27/23
GOOG,Alphabet Cl C,123.4,-0.04,-0.03%,124.44,121.46,37367602,10/27/23
MCD,McDonald's Corp,255.76,-0.07,-0.03%,259.38,254.87,3209000,10/27/23
WTW,Willis Towers Watson Public Ltd,228.92,-0.16,-0.07%,231.33,225.93,909100,10/27/23
SLB,Schlumberger N.V.,55.83,-0.04,-0.07%,56.18,55.02,6944500,10/27/23
KLAC,K L A-Tencor Corp,457.93,-0.31,-0.07%,464.23,455,746200,10/27/23
RCL,Royal Caribbean Cruises Ltd,82.81,-0.07,-0.08%,85.29,82.29,5109400,10/27/23
GOOGL,Alphabet Cl A,122.17,-0.11,-0.09%,123.31,120.21,44566504,10/27/23
PSA,Public Storage,238.57,-0.21,-0.09%,240.89,234.93,964400,10/27/23
DD,Dupont Denemours Inc,72.15,-0.07,-0.10%,72.66,71.75,2470500,10/27/23
FTV,Fortive Corp,65.03,-0.07,-0.11%,65.5,64.6,2563400,10/27/23
WRK,Westrock Company,35.2,-0.04,-0.11%,35.83,35.05,1588600,10/27/23
FCX,Freeport-Mcmoran Inc,33.67,-0.04,-0.12%,34.46,33.52,10565500,10/27/23
NUE,Nucor Corp,148.11,-0.2,-0.13%,149.16,146.37,1491300,10/27/23
LEN,Lennar Corp,103.79,-0.14,-0.13%,104.69,103.35,1346400,10/27/23
VMC,Vulcan Materials Company,193.69,-0.28,-0.14%,196.09,190.51,1569300,10/27/23
MA,Mastercard Inc,364.08,-0.51,-0.14%,368.29,359.77,3624800,10/27/23
HSIC,Henry Schein Inc,66.41,-0.1,-0.15%,66.76,65.56,832800,10/27/23
AVY,Avery Dennison Corp,170.54,-0.31,-0.18%,172.84,169.85,476700,10/27/23
ADI,Analog Devices,160.57,-0.29,-0.18%,162.49,159.8,2168900,10/27/23
AZO,Autozone,2446.17,-4.56,-0.19%,2460,2425,150900,10/27/23
LRCX,Lam Research Corp,584.02,-1.11,-0.19%,593.55,580.78,949600,10/27/23
CTSH,Cognizant Tech Sol,63.3,-0.12,-0.19%,63.81,62.79,2724300,10/27/23
ISRG,Intuitive Surg Inc,258.98,-0.53,-0.20%,264.77,257.01,1861800,10/27/23
ROK,Rockwell Automation Inc,262,-0.6,-0.23%,264.16,260.61,709000,10/27/23
AMCR,Amcor Plc,8.66,-0.02,-0.23%,8.77,8.65,7101800,10/27/23
NXPI,Nxp Semiconductors,179.13,-0.43,-0.24%,181.96,177.55,1448000,10/27/23
SJM,J.M. Smucker Company,112.75,-0.28,-0.25%,113.79,112.15,1274000,10/27/23
XRAY,Dentsply Sirona Inc,30.6,-0.08,-0.26%,31.01,30.39,2706900,10/27/23
UNP,Union Pacific Corp,201.72,-0.52,-0.26%,204.03,199.97,2427500,10/27/23
HUBB,Hubbell Inc B,281.02,-0.83,-0.29%,283.63,278.13,486500,10/27/23
KEYS,Keysight Technologies Inc,119.31,-0.35,-0.29%,120.62,118.57,1104200,10/27/23
WYNN,Wynn Resorts Ltd,87.28,-0.26,-0.30%,89.24,87.06,1587500,10/27/23
PKG,Packaging Corp of America,150.18,-0.46,-0.31%,151.25,148.82,540300,10/27/23
NDSN,Nordson Corp,212.13,-0.67,-0.31%,214.75,211.74,206300,10/27/23
COO,Cooper Companies,306.88,-0.98,-0.32%,312.57,305.45,175800,10/27/23
MNST,Monster Beverage Cp,49.9,-0.16,-0.32%,50.4,49.51,5087100,10/27/23
CI,The Cigna Group,303.24,-0.98,-0.32%,304.21,301.39,1269800,10/27/23
ODFL,Old Dominion Freight Line Inc,368.46,-1.33,-0.36%,384.26,363.61,935800,10/27/23
WMT,Walmart Inc,161.17,-0.6,-0.37%,161.97,160.55,4610000,10/27/23
OMC,Omnicom Group Inc,73.99,-0.29,-0.39%,74.9,73.86,1333500,10/27/23
ITW,Illinois Tool Works Inc,223.26,-0.9,-0.40%,227.04,222.21,1118800,10/27/23
CSGP,Costar Group Inc,70.58,-0.28,-0.40%,71.17,69.68,2436200,10/27/23
DFS,Discover Financial Services,80.49,-0.33,-0.41%,81.47,79.04,1492800,10/27/23
TDY,Teledyne Technologies Inc,370.71,-1.53,-0.41%,376.14,367.73,282700,10/27/23
NSC,Norfolk Southern Corp,184.53,-0.77,-0.42%,186.78,183.76,1202100,10/27/23
RHI,Robert Half Inc,72.99,-0.31,-0.42%,73.42,71.9,809400,10/27/23
COP,Conocophillips,117.8,-0.51,-0.43%,118.34,116.43,5312400,10/27/23
SWKS,Skyworks Solutions,88.23,-0.38,-0.43%,89.55,87.79,1164500,10/27/23
AME,Ametek Inc,139.22,-0.62,-0.44%,140.66,138.86,818600,10/27/23
CTAS,Cintas Corp,496.41,-2.21,-0.44%,499.91,494.58,464600,10/27/23
PCG,Pacific Gas & Electric Company,15.81,-0.07,-0.44%,16.19,15.78,15439601,10/27/23
SNA,Snap-On Inc,252.34,-1.15,-0.45%,254.59,251.64,240600,10/27/23
TYL,Tyler Technologies,363.6,-1.68,-0.46%,367.86,361.89,208900,10/27/23
LULU,Lululemon Athletica,386.82,-1.8,-0.46%,392.2,384.37,1448600,10/27/23
CBRE,CBRE Group Inc,66.15,-0.31,-0.47%,66.25,64.63, 2823700,10/27/23
WAB,Wabtec Corp,104,-0.51,-0.49%,105.31,102.67,1070700,10/27/23
ADSK,Autodesk Inc,195.15,-0.97,-0.49%,197.11,192.88,1157400,10/27/23
CF,Cf Industries Holdings,79.88,-0.39,-0.49%,80.17,78.61,1676100,10/27/23
COR,Cencora Inc,187.64,-0.96,-0.51%,188.91,186.94,922700,10/27/23
BSX,Boston Scientific Corp,49.52,-0.26,-0.52%,50.84,49.15,7452100,10/27/23
TSCO,Tractor Supply Company,187.81,-0.98,-0.52%,192.34,187,1984200,10/27/23
PGR,Progressive Corp,153.06,-0.8,-0.52%,153.31,151.55,2147600,10/27/23
DLTR,Dollar Tree Inc,108.24,-0.58,-0.53%,109.59,107.77,1823000,10/27/23
APD,Air Products and Chemicals,276.15,-1.51,-0.54%,279.69,275.2,648100,10/27/23
HD,Home Depot,276.46,-1.54,-0.55%,279.67,274.26,2907300,10/27/23
DIS,Walt Disney Company,79.33,-0.45,-0.56%,81.03,79.23,10300500,10/27/23
ALB,Albemarle Corp,134.44,-0.77,-0.57%,138.35,133.81,1508100,10/27/23
PHM,Pultegroup,71.92,-0.42,-0.58%,72.97,71.7,2096300,10/27/23
LMT,Lockheed Martin Corp,443.39,-2.58,-0.58%,447.66,440.23,1288600,10/27/23
XYL,Xylem Inc,88.17,-0.52,-0.59%,89.25,87.84,1241600,10/27/23
LOW,Lowe's Companies,183.62,-1.11,-0.60%,185.45,181.85,2371500,10/27/23
BKR,Baker Hughes Company,34.81,-0.21,-0.60%,35.38,34.72,6111700,10/27/23
MTD,Mettler-Toledo International,976.25,-6.04,-0.61%,993.95,968.44,241700,10/27/23
TXN,Texas Instruments,143.12,-0.89,-0.62%,145.09,142.35,5327500,10/27/23
ECL,Ecolab Inc,157.44,-0.98,-0.62%,159.36,156.72,1077500,10/27/23
HUM,Humana Inc,510.19,-3.18,-0.62%,516.1,508.35,758500,10/27/23
ETN,Eaton Corp,195.31,-1.24,-0.63%,198.43,193.77,1780900,10/27/23
EMR,Emerson Electric Company,88.03,-0.57,-0.64%,89.02,87.53,2429300,10/27/23
MAR,Marriot Int Cl A,185.26,-1.18,-0.64%,188.05,184.11,1282300,10/27/23
TSN,Tyson Foods,45.62,-0.3,-0.65%,46.19,45.36,1507900,10/27/23
ACN,Accenture Plc,290.04,-2,-0.68%,293.04,288.46,1480300,10/27/23
GIS,General Mills,65.3,-0.45,-0.68%,66.01,64.92,5292800,10/27/23
EXPD,Expeditors Intl,107.75,-0.75,-0.69%,110.07,107.39,1281100,10/27/23
MCHP,Microchip Technology,72.26,-0.5,-0.69%,73.71,71.94,4197600,10/27/23
UNH,Unitedhealth Group Inc,524.66,-3.7,-0.70%,527.74,521.26,2585600,10/27/23
SBUX,Starbucks Corp,92.02,-0.65,-0.70%,93.73,91.77,8293500,10/27/23
SHW,Sherwin-Williams Company,236.03,-1.68,-0.71%,239.9,235.02,1426700,10/27/23
APA,Apa Corp,40.13,-0.29,-0.72%,40.66,39.35,3287500,10/27/23
UHS,Universal Health Services,123.34,-0.89,-0.72%,126.27,121.85,1158000,10/27/23
AJG,Arthur J. Gallagher & Company,228.24,-1.65,-0.72%,234,226.79,900500,10/27/23
PCAR,Paccar Inc,83.29,-0.62,-0.74%,84.51,82.91,2026600,10/27/23
VICI,Vici Properties Inc,27.34,-0.21,-0.76%,27.72,27.2,4904300,10/27/23
STZ,Constellation Brands Inc,229.62,-1.76,-0.76%,231.01,227.64,902400,10/27/23
KR,Kroger Company,44.43,-0.34,-0.76%,45.11,44.27,3368900,10/27/23
CTRA,Coterra Energy Inc,27.7,-0.22,-0.79%,28.07,27.52,6661600,10/27/23
MRO,Marathon Oil Corp,27.48,-0.22,-0.79%,27.82,26.99,8166300,10/27/23
EXR,Extra Space Storage Inc,104.39,-0.83,-0.79%,105.97,103.71,1256800,10/27/23
MCK,Mckesson Corp,448.03,-3.61,-0.80%,451.86,445.41,527400,10/27/23
FMC,FMC Corp,56.88,-0.46,-0.80%,57.98,56.76,1642200,10/27/23
EA,Electronic Arts Inc,122.63,-1.01,-0.82%,123.98,122.38,1494200,10/27/23
NVR,NVR Inc,5382.22,-44.6,-0.82%,5434.04,5332.65,15000,10/27/23
COST,Costco Wholesale,543.03,-4.57,-0.83%,548.03,540.23,1503300,10/27/23
IR,Ingersoll Rand Inc,59.38,-0.5,-0.84%,60.29,59.2,2497100,10/27/23
TJX,TJX Companies,87.19,-0.74,-0.84%,88.47,86.92,3553200,10/27/23
DVN,Devon Energy Corp,46.77,-0.4,-0.85%,47.28,45.95,8089400,10/27/23
TFX,Teleflex Inc,179.39,-1.56,-0.86%,182.91,178.67,206300,10/27/23
IBM,International Business Machines,142.52,-1.24,-0.86%,144.7,141.71,5469200,10/27/23
INVH,Invitation Homes Inc,28.8,-0.25,-0.86%,29.29,28.65,3664900,10/27/23
HWM,Howmet Aerospace Inc,43.09,-0.38,-0.87%,43.56,42.94,1354200,10/27/23
V,Visa Inc,229.27,-2.01,-0.87%,231.39,228.03,5540900,10/27/23
WM,Waste Management,161.38,-1.44,-0.88%,164.4,160.9,1586500,10/27/23
MSI,Motorola Solutions,272.39,-2.45,-0.89%,276.56,271.73,574200,10/27/23
BAX,Baxter International Inc,32.16,-0.29,-0.89%,32.76,32.06,4608800,10/27/23
BG,Bunge Ltd,105.42,-0.96,-0.90%,106.67,104.32,1007600,10/27/23
GEN,Gen Digital Inc,16.51,-0.15,-0.90%,16.81,16.38,2181200,10/27/23
K,Kellanova,50.4,-0.47,-0.92%,51.14,50.33,1838500,10/27/23
CNC,Centene Corp,67.48,-0.63,-0.92%,68.19,67.21,2663200,10/27/23
DVA,Davita Healthcare Partners Inc,76.77,-0.72,-0.93%,78.48,76.14,972000,10/27/23
IPG,Interpublic Group of Companies,27.56,-0.26,-0.93%,27.94,27.54,3871300,10/27/23
ESS,Essex Property Trust,206.58,-1.96,-0.94%,215.23,203.85,1199100,10/27/23
SO,Southern Company,66.53,-0.63,-0.94%,67.59,66.12,4214300,10/27/23
MAS,Masco Corp,51.04,-0.49,-0.95%,51.88,50.31,2745800,10/27/23
GD,General Dynamics Corp,238.25,-2.3,-0.96%,239.3,236.58,1816200,10/27/23
EBAY,Ebay Inc,37.99,-0.37,-0.96%,38.66,37.93,5112200,10/27/23
MDLZ,Mondelez Intl Inc,65.01,-0.64,-0.97%,66.05,64.86,6251600,10/27/23
KO,Coca-Cola Company,55.24,-0.54,-0.97%,56.13,55.1,13626500,10/27/23
CPRT,Copart Inc,42.73,-0.42,-0.97%,43.5,42.46,3683700,10/27/23
PFG,Principal Financial Group Inc,67.67,-0.68,-0.99%,73.2,66.73,2653400,10/27/23
NOC,Northrop Grumman Corp,473.07,-4.71,-0.99%,478.52,468.9,805700,10/27/23
ROP,Roper Industries,475.57,-4.81,-1.00%,482.25,474.46,450100,10/27/23
PH,Parker-Hannifin Corp,366.24,-3.72,-1.01%,372.7,364.61,476200,10/27/23
TXT,Textron Inc,75.25,-0.77,-1.01%,76.56,74.55,1662800,10/27/23
AES,The Aes Corp,14.75,-0.15,-1.01%,14.96,14.53,18329699,10/27/23
BDX,Becton Dickinson and Company,251.6,-2.58,-1.02%,254.88,250.36,1061000,10/27/23
FANG,Diamondback Energy,160.05,-1.67,-1.03%,162.07,157.92,1589300,10/27/23
HOLX,Hologic Inc,65.11,-0.68,-1.03%,66.14,64.85,2061100,10/27/23
LVS,Las Vegas Sands,47.04,-0.49,-1.03%,48.18,47,4813600,10/27/23
VTR,Ventas Inc,41.65,-0.44,-1.05%,42.45,41.31,1597700,10/27/23
PPG,PPG Industries,120.72,-1.29,-1.06%,122.65,120.32,838900,10/27/23
JBHT,J B Hunt Transport,165.98,-1.8,-1.07%,169.12,164.53,987400,10/27/23
IVZ,Invesco Plc,12.76,-0.14,-1.09%,12.99,12.72,5449600,10/27/23
RVTY,Revvity Inc,97.87,-1.08,-1.09%,100,97.27,1928700,10/27/23
IT,Gartner Inc,325.76,-3.67,-1.11%,330.21,323.61,448500,10/27/23
APH,Amphenol Corp,79.31,-0.89,-1.11%,80.39,78.96,2155600,10/27/23
AEP,American Electric Power Company,74.93,-0.84,-1.11%,76,74.67,2876300,10/27/23
PEP,Pepsico Inc,159.62,-1.79,-1.11%,162.14,158.89,5078000,10/27/23
MSCI,MSCI Inc,476.19,-5.36,-1.11%,485.55,474.57,398200,10/27/23
SBAC,SBA Communications,204.01,-2.31,-1.12%,205.6,201.89,850100,10/27/23
GRMN,Garmin Ltd,99.71,-1.15,-1.14%,101.25,99.61,603600,10/27/23
BR,Broadridge Financial Solutions Llc,167.38,-1.95,-1.15%,169.11,166.73,342600,10/27/23
FFIV,F5 Inc,149.77,-1.74,-1.15%,153.07,148.63,549000,10/27/23
BK,Bank of New York Mellon Corp,41.63,-0.49,-1.16%,42.03,41.5,5848600,10/27/23
PNR,Pentair Ltd,57.68,-0.68,-1.17%,58.75,57.4,1004300,10/27/23
URI,United Rentals,399.02,-4.75,-1.18%,410.13,395.24,933700,10/27/23
CSX,CSX Corp,29.24,-0.35,-1.18%,29.69,29.03,14364000,10/27/23
IEX,Idex Corp,190.92,-2.29,-1.19%,194.65,190.57,816900,10/27/23
MMC,Marsh & Mclennan Companies,184.9,-2.22,-1.19%,187.15,184.02,1441700,10/27/23
ADBE,Adobe Systems Inc,508.12,-6.16,-1.20%,519.86,506.92,2985500,10/27/23
ABT,Abbott Laboratories,92.85,-1.13,-1.20%,95.32,92.38,5934100,10/27/23
BRO,Brown & Brown,67.63,-0.82,-1.20%,68.5,67.3,1081600,10/27/23
CPB,Campbell Soup Company,40.44,-0.49,-1.20%,41.11,40.38,1876100,10/27/23
FOX,Fox Corp Cl B,27.11,-0.33,-1.20%,27.65,27.05,982200,10/27/23
ABNB,Airbnb Inc Cl A,114.09,-1.38,-1.20%,116.75,113.24,5201500,10/27/23
FOXA,Fox Corp Cl A,29.44,-0.36,-1.21%,30.03,29.39,2259700,10/27/23
GNRC,Generac Holdings Inc,82.2,-1.03,-1.24%,83.7,80.8,1554900,10/27/23
CAH,Cardinal Health,91.39,-1.16,-1.25%,92.86,90.99,1512300,10/27/23
VRSK,Verisk Analytics Inc,223.85,-2.84,-1.25%,226.37,222.3,1106600,10/27/23
HPQ,HP Inc,25.84,-0.33,-1.26%,26.29,25.67,5464100,10/27/23
GLW,Corning Inc,26.59,-0.34,-1.26%,27.07,26.48,4266800,10/27/23
PODD,Insulet Corp,133.43,-1.71,-1.27%,145.98,131.28,1591500,10/27/23
GEHC,Ge Healthcare Technologies Inc,63.1,-0.81,-1.27%,64.32,62.72,2606300,10/27/23
MMM,3M Company,87.52,-1.13,-1.27%,89.24,86.97,3312800,10/27/23
EQIX,Equinix Inc,710.39,-9.12,-1.27%,726.87,707.61,338500,10/27/23
NRG,NRG Energy,41.66,-0.54,-1.28%,42.31,41.5,3215800,10/27/23
ZTS,Zoetis Inc Cl A,156.03,-2.04,-1.29%,157.93,155.16,2407100,10/27/23
GL,Globe Life Inc,112.03,-1.46,-1.29%,113.52,111.63,723700,10/27/23
CMI,Cummins Inc,215.24,-2.86,-1.31%,218.66,214.79,638500,10/27/23
ROST,Ross Stores Inc,112.79,-1.5,-1.31%,115.16,112.39,1585400,10/27/23
ACGL,Arch Capital Grp Ltd,81.36,-1.09,-1.32%,82.2,81.01,1360300,10/27/23
BRK-B,Berkshire Hathaway Cl B,331.71,-4.45,-1.32%,336.19,330.58,3609100,10/27/23
BEN,Franklin Resources,22.45,-0.3,-1.32%,22.78,22.38,3558800,10/27/23
KHC,Kraft Heinz Company,31.44,-0.42,-1.32%,31.94,31.35,6053800,10/27/23
NCLH,Norwegian Cruise Ord,13.36,-0.18,-1.33%,13.8,13.24,11172899,10/27/23
AFL,Aflac Inc,76.49,-1.03,-1.33%,77.57,75.93,2508100,10/27/23
OKE,Oneok Inc,65.44,-0.88,-1.33%,66.43,65.04,3265400,10/27/23
LKQ,LKQ Corp,43.55,-0.59,-1.34%,44.25,43.12,3179100,10/27/23
DG,Dollar General Corp,119.32,-1.62,-1.34%,121.35,118.46,2915600,10/27/23
WY,Weyerhaeuser Company,28.62,-0.39,-1.34%,29.24,28.38,3719800,10/27/23
MDT,Medtronic Inc,69.43,-0.94,-1.34%,71.42,69.04,10009101,10/27/23
IRM,Iron Mountain Inc,58.22,-0.8,-1.36%,59.3,57.9,2172800,10/27/23
NWS,News Corp Cl B,20.95,-0.29,-1.37%,21.32,20.85,601600,10/27/23
NWSA,News Corp Cl A,20.22,-0.28,-1.37%,21.18,20.11,1917600,10/27/23
AWK,American Water Works,116.39,-1.63,-1.38%,118.01,115.9,843900,10/27/23
LLY,Eli Lilly and Company,560.23,-7.87,-1.39%,570.81,556.64,2717300,10/27/23
JCI,Johnson Controls Intl,48.21,-0.68,-1.39%,48.96,48.08,3292200,10/27/23
BBWI,Bath & Body Works Inc,28.29,-0.4,-1.39%,29.43,28.14,3060900,10/27/23
MPC,Marathon Petroleum Corp,146,-2.06,-1.39%,148.27,144.55,3524300,10/27/23
GPC,Genuine Parts Company,127.12,-1.81,-1.40%,129.49,126.54,889200,10/27/23
LYV,Live Nation Entertainment,77,-1.1,-1.41%,78.37,76.48,1447900,10/27/23
NFLX,Netflix Inc,397.87,-5.67,-1.41%,410.21,395.62,4997600,10/27/23
AXP,American Express Company,141.31,-2.03,-1.42%,143.96,141.02,3442400,10/27/23
EPAM,Epam Systems Inc,210.44,-3.03,-1.42%,215.62,209.21,432700,10/27/23
CRL,Charles River Laboratories Intl,172.59,-2.48,-1.42%,177.34,172.24,438600,10/27/23
PWR,Quanta Services,164.87,-2.38,-1.42%,167.43,163.84,810700,10/27/23
TPR,Tapestry Inc,27.6,-0.4,-1.43%,28.26,27.59,2879200,10/27/23
VLO,Valero Energy Corp,123.56,-1.8,-1.44%,125.16,122.32,3674500,10/27/23
J,Jacobs Engineering Group Inc,131.14,-1.93,-1.45%,133.59,130.36,424800,10/27/23
TT,Trane Technologies Plc,184.69,-2.74,-1.46%,188.24,184.24,1548300,10/27/23
DTE,Dte Energy Company,96.91,-1.44,-1.46%,98.84,96.76,1227600,10/27/23
A,Agilent Technologies,102.77,-1.54,-1.48%,104.78,102.4,2004000,10/27/23
BLK,Blackrock Inc,598.08,-8.99,-1.48%,608.97,596.18,543000,10/27/23
SYY,Sysco Corp,64.49,-0.98,-1.50%,65.71,64.41,2894900,10/27/23
TER,Teradyne Inc,83.84,-1.28,-1.50%,85.25,82.76,2015500,10/27/23
GPN,Global Payments Inc,102.78,-1.59,-1.52%,104.78,102.11,2302200,10/27/23
IDXX,Idexx Laboratories,391.37,-6.06,-1.52%,401.21,390.51,681000,10/27/23
EOG,Eog Resources,125.99,-1.95,-1.52%,128.07,124.96,2779000,10/27/23
WMB,Williams Companies,34.05,-0.53,-1.53%,34.53,33.89,5468800,10/27/23
SRE,Sempra,69.72,-1.08,-1.53%,70.76,69.42,1939300,10/27/23
DPZ,Domino's Pizza Inc,340.6,-5.34,-1.54%,347.51,339.01,650000,10/27/23
TRGP,Targa Resources,84.39,-1.32,-1.54%,85.79,83.81,1048800,10/27/23
FRT,Federal Realty Investment Trust,86.65,-1.38,-1.57%,88.74,86.46,706500,10/27/23
FI,Fiserv Inc,112.46,-1.8,-1.58%,114.9,112.17,2953000,10/27/23
JKHY,Jack Henry & Assoc,138.1,-2.23,-1.59%,140.3,136.57,572800,10/27/23
O,Realty Income Corp,49,-0.79,-1.59%,49.87,48.81,4107800,10/27/23
CBOE,CBOE Global Markets Inc,161.26,-2.63,-1.60%,164.88,161.26,821200,10/27/23
CAT,Caterpillar Inc,238.56,-3.87,-1.60%,243.91,237.86,3229900,10/27/23
DOV,Dover Corp,128.42,-2.13,-1.63%,131.58,128.13,595400,10/27/23
TRMB,Trimble Navigation,46.08,-0.77,-1.64%,47,45.81,1663600,10/27/23
OXY,Occidental Petroleum Corp,62.23,-1.04,-1.64%,63.76,61.87,9197800,10/27/23
BF-B,Brown Forman Inc Cl B,55.04,-0.92,-1.64%,56.18,54.87,1355000,10/27/23
ALK,Alaska Air Group,31.25,-0.52,-1.64%,31.95,31.03,2099200,10/27/23
CMS,Cms Energy Corp,54.27,-0.91,-1.65%,55.29,54.21,3007100,10/27/23
VRTX,Vertex Pharmaceutic,355.28,-6,-1.66%,362.31,353.76,910700,10/27/23
SPGI,S&P Global Inc,342.48,-5.78,-1.66%,349.99,340.61,1160900,10/27/23
SPG,Simon Property Group,104.54,-1.78,-1.67%,106.67,104.05,1744800,10/27/23
WEC,Wisconsin Energy Corp,81.73,-1.4,-1.68%,83.38,81.4,1328200,10/27/23
EVRG,Evergy Inc,48.32,-0.83,-1.69%,49.3,48.18,1795000,10/27/23
MOS,Mosaic Company,33.09,-0.57,-1.69%,33.74,32.9,2539600,10/27/23
EW,Edwards Lifesciences Corp,61.71,-1.07,-1.70%,64.15,61.01,7053900,10/27/23
CEG,Constellation Energy Corp,110.78,-1.94,-1.72%,113.36,109.89,1128900,10/27/23
LDOS,Leidos Holdings Inc,90.49,-1.58,-1.72%,92.11,90.3,538700,10/27/23
CAG,Conagra Brands Inc,27.19,-0.48,-1.73%,27.7,27.08,3507400,10/27/23
LNT,Alliant Energy Corp,48.93,-0.86,-1.73%,49.85,48.75,2169900,10/27/23
TEL,Te Connectivity Ltd,115.51,-2.04,-1.74%,117.34,115,1525600,10/27/23
AMT,American Tower Corp,171.99,-3.07,-1.75%,176.03,170.2,2829500,10/27/23
CCI,Crown Castle Inc,89.87,-1.6,-1.75%,91.44,89.01,2992700,10/27/23
MGM,MGM Resorts International,34.23,-0.61,-1.75%,35.15,34.12,4021600,10/27/23
PNW,Pinnacle West Capital Corp,73.77,-1.32,-1.76%,75.01,73.38,853100,10/27/23
PXD,Pioneer Natural Resources Company,238.79,-4.27,-1.76%,248.27,237.76,2318400,10/27/23
PG,Procter & Gamble Company,147.16,-2.64,-1.76%,149.95,146.28,8131800,10/27/23
CL,Colgate-Palmolive Company,71.79,-1.29,-1.77%,74.55,71.46,12666500,10/27/23
PEG,Public Service Enterprise Group Inc,60.11,-1.09,-1.78%,61.17,59.83,2199100,10/27/23
AIZ,Assurant Inc,146.04,-2.67,-1.80%,148.48,145.48,365500,10/27/23
L,Loews Corp,62.82,-1.16,-1.81%,63.88,62.54,666000,10/27/23
PARA,Paramount Global Cl B,10.7,-0.2,-1.83%,11,10.64,11126800,10/27/23
ADP,Automatic Data Procs,214.84,-4,-1.83%,218.58,213.9,2070100,10/27/23
AMP,Ameriprise Financial Services,310.56,-5.78,-1.83%,316.58,309.48,596800,10/27/23
CTVA,Corteva Inc,47.82,-0.89,-1.83%,48.2,47.21,5864100,10/27/23
EXC,Exelon Corp,38.43,-0.72,-1.84%,39.17,38.22,5213100,10/27/23
ALL,Allstate Corp,123.3,-2.32,-1.85%,124.81,122.53,2431600,10/27/23
ES,Eversource Energy,53.16,-1,-1.85%,54.59,52.98,2296800,10/27/23
ELV,Elevance Health Inc,441.46,-8.33,-1.85%,449.83,439.3,880000,10/27/23
PPL,PPL Corp,24.28,-0.46,-1.86%,24.76,24.14,7560200,10/27/23
AXON,Axon Enterprise Inc,200.76,-3.82,-1.86%,205.89,199.29,422800,10/27/23
CDAY,Ceridian Hcm Holding Inc,63.39,-1.21,-1.87%,64.86,63.19,1185300,10/27/23
DUK,Duke Energy Corp,87.53,-1.67,-1.87%,89.12,87.09,2764400,10/27/23
PAYC,Paycom Software Inc,240.34,-4.6,-1.88%,246,238.18,570200,10/27/23
PRU,Prudential Financial Inc,88.61,-1.7,-1.88%,90.57,87.95,1469800,10/27/23
AOS,Smith A.O. Corp,67.81,-1.31,-1.90%,69.84,67.46,1586700,10/27/23
XOM,Exxon Mobil Corp,105.55,-2.05,-1.91%,109.86,104.96,23091998,10/27/23
PEAK,Healthpeak Properties Inc,16.42,-0.32,-1.91%,16.85,16.34,3631900,10/27/23
RJF,Raymond James Financial,94.53,-1.87,-1.94%,96.22,94.25,1017700,10/27/23
PAYX,Paychex Inc,109.57,-2.18,-1.95%,111.57,109.02,1739000,10/27/23
ETR,Entergy Corp,91.38,-1.82,-1.95%,93.02,90.78,1364900,10/27/23
WST,West Pharmaceutical Services,320.92,-6.4,-1.96%,328.44,319.01,486700,10/27/23
T,AT&T Inc,14.82,-0.3,-1.98%,15.18,14.74,35849199,10/27/23
KIM,Kimco Realty Corp,16.87,-0.34,-1.98%,17.35,16.78,6609400,10/27/23
KMI,Kinder Morgan,16.37,-0.33,-1.98%,16.71,16.3,14657000,10/27/23
TMO,Thermo Fisher Scientific Inc,431.41,-8.75,-1.99%,439.95,427.37,2495500,10/27/23
TMUS,T-Mobile US,140,-2.86,-2.00%,143.39,139.2,5429800,10/27/23
FDS,Factset Research Systems Inc,420.42,-8.64,-2.01%,428.6,419.19,184800,10/27/23
EQT,Eqt Corp,41.95,-0.86,-2.01%,43.21,41.4,4425300,10/27/23
POOL,Pool Corp,309.5,-6.34,-2.01%,318.74,308.45,435500,10/27/23
HRL,Hormel Foods Corp,31.39,-0.65,-2.03%,32.01,31.3,2891400,10/27/23
WELL,Welltower Inc,81.35,-1.69,-2.04%,83.8,81.29,2481000,10/27/23
NKE,Nike Inc,97.98,-2.04,-2.04%,100.33,97.81,9602600,10/27/23
REG,Regency Centers Corp,57.68,-1.2,-2.04%,59.08,57.38,751800,10/27/23
ED,Consolidated Edison Company,87.47,-1.83,-2.05%,89.29,87.18,1248100,10/27/23
AAL,American Airlines Gp,10.92,-0.23,-2.06%,11.23,10.88,39890699,10/27/23
EXPE,Expedia Group Inc,93.08,-1.96,-2.06%,96.13,92.97,1598900,10/27/23
HIG,Hartford Financial Services Group,70.41,-1.49,-2.07%,73.61,68.92,2443400,10/27/23
EFX,Equifax Inc,162.68,-3.5,-2.11%,166.54,162.45,688900,10/27/23
CINF,Cincinnati Financial,97.58,-2.1,-2.11%,102.53,96.86,1453400,10/27/23
CCL,Carnival Corp,11.13,-0.24,-2.11%,11.58,11.01,25950898,10/27/23
REGN,Regeneron Pharmaceuticals,775.18,-16.83,-2.12%,792.45,769.19,438900,10/27/23
CB,Chubb Ltd,208.55,-4.54,-2.13%,212.24,207.46,1881000,10/27/23
TAP,Molson Coors Brewing Company,56.75,-1.25,-2.16%,58.26,56.5,1255800,10/27/23
ILMN,Illumina Inc,109.22,-2.41,-2.16%,112.1,108.87,1722500,10/27/23
AEE,Ameren Corp,75.38,-1.67,-2.17%,77.04,75.14,1582100,10/27/23
NTRS,Northern Trust Corp,63.54,-1.41,-2.17%,65.53,63.43,1321000,10/27/23
AIG,American International Group,59.53,-1.32,-2.17%,60.87,59.12,3097600,10/27/23
D,Dominion Energy Inc,40.08,-0.89,-2.17%,40.84,40,4602900,10/27/23
MET,Metlife Inc,58.29,-1.31,-2.20%,59.74,57.91,4686800,10/27/23
FIS,Fidelity National Information Services,47.16,-1.06,-2.20%,48.22,46.91,5102000,10/27/23
BXP,Boston Properties,52.42,-1.19,-2.22%,54.14,52.14,1074900,10/27/23
NI,NiSource Inc,25.15,-0.57,-2.22%,25.67,25.05,4646300,10/27/23
WFC,Wells Fargo & Company,38.76,-0.89,-2.24%,39.41,38.62,13582800,10/27/23
HII,Huntington Ingalls Industries,213.12,-4.91,-2.25%,218.15,213.02,297700,10/27/23
GE,General Electric Company,106.35,-2.45,-2.25%,109.84,105.73,5329000,10/27/23
MKC,Mccormick & Company,62.98,-1.45,-2.25%,64.75,62.54,1888400,10/27/23
DE,Deere & Company,361.15,-8.39,-2.27%,369.89,358.8,1436400,10/27/23
JNJ,Johnson & Johnson,145.6,-3.4,-2.28%,148.66,144.95,11385700,10/27/23
CHD,Church & Dwight Company,90.11,-2.11,-2.29%,92.54,89.87,1274400,10/27/23
TRV,The Travelers Companies Inc,160.68,-3.78,-2.30%,163.78,159.89,1427700,10/27/23
NEE,Nextera Energy,56.24,-1.33,-2.31%,58.02,55.93,11921200,10/27/23
MS,Morgan Stanley,70.4,-1.67,-2.32%,72.01,70.19,11099101,10/27/23
PLD,Prologis Inc,97.32,-2.31,-2.32%,99.27,96.64,4082800,10/27/23
GS,Goldman Sachs Group,289.91,-7.08,-2.38%,298.27,289.36,2601600,10/27/23
GILD,Gilead Sciences Inc,76.62,-1.88,-2.39%,78.5,76.33,6037700,10/27/23
ICE,Intercontinental Exchange,104.72,-2.57,-2.40%,107.58,104.49,2508700,10/27/23
ATO,Atmos Energy Corp,106.12,-2.64,-2.43%,109.09,105.44,846700,10/27/23
IQV,Iqvia Holdings Inc,179.94,-4.48,-2.43%,186.01,179.1,933400,10/27/23
XEL,XCEL Energy Inc,58.31,-1.46,-2.44%,59.96,58.1,4310600,10/27/23
LHX,L3Harris Technologies Inc,170.93,-4.28,-2.44%,176.93,169.55,2383600,10/27/23
UPS,United Parcel Service,134.83,-3.38,-2.45%,139.79,133.68,6594500,10/27/23
VTRS,Viatris Inc,8.77,-0.22,-2.45%,9.01,8.74,6167700,10/27/23
KEY,Keycorp,9.92,-0.25,-2.46%,10.18,9.79,14720399,10/27/23
ARE,Alexandria Real Estate Equities,91.66,-2.34,-2.49%,94.63,91.23,1076500,10/27/23
CVS,CVS Corp,66.29,-1.69,-2.49%,67.9,66.01,6929800,10/27/23
PM,Philip Morris International Inc,87.47,-2.24,-2.50%,89.7,87.23,4321700,10/27/23
MHK,Mohawk Industries,76.56,-1.96,-2.50%,83.58,76.02,1326500,10/27/23
ADM,Archer Daniels Midland,70.04,-1.81,-2.52%,71.84,69.69,2915400,10/27/23
SCHW,The Charles Schwab Corp,50.12,-1.31,-2.55%,51.39,49.9,10574800,10/27/23
WBD,Discovery Inc Series A,9.55,-0.25,-2.55%,9.91,9.53,15161899,10/27/23
BBY,Best Buy Company,64.41,-1.7,-2.57%,66.55,64.1,2223200,10/27/23
KVUE,Kenvue Inc,18.21,-0.48,-2.57%,18.71,18.08,43215500,10/27/23
FE,Firstenergy Corp,35.13,-0.93,-2.58%,35.85,34.91,4503500,10/27/23
WBA,Walgreens Boots Alliance,21.14,-0.56,-2.58%,22.07,21.03,9208601,10/27/23
WRB,W.R. Berkley Corp,65.32,-1.73,-2.58%,66.83,64.8,1661500,10/27/23
MRK,Merck & Company,102.82,-2.73,-2.59%,105.57,102.22,8933800,10/27/23
HSY,Hershey Foods Corp,184.11,-4.94,-2.61%,188.11,183.96,2067000,10/27/23
MCO,Moody's Corp,301.97,-8.12,-2.62%,311.36,300.98,805800,10/27/23
PYPL,Paypal Holdings,50.39,-1.36,-2.63%,51.67,50.25,18382699,10/27/23
CE,Celanese Corp,113.5,-3.1,-2.66%,116.75,112.99,626500,10/27/23
STT,State Street Corp,62.93,-1.73,-2.68%,64.32,62.78,1655700,10/27/23
MTCH,Match Group Inc,33.98,-0.94,-2.69%,35.42,33.25,6039800,10/27/23
CLX,Clorox Company,117.93,-3.28,-2.71%,121.08,117.29,1758500,10/27/23
BIIB,Biogen Inc,234.52,-6.56,-2.72%,240.28,233.76,1089300,10/27/23
DGX,Quest Diagnostics Inc,127.68,-3.58,-2.73%,131.41,127.6,1095700,10/27/23
PNC,PNC Bank,111.24,-3.12,-2.73%,113.82,110.79,1854700,10/27/23
KMB,Kimberly-Clark Corp,116.86,-3.31,-2.75%,119.84,116.63,2507200,10/27/23
EIX,Edison International,61.94,-1.75,-2.75%,63.81,61.64,2139700,10/27/23
HBAN,Huntington Bcshs,9.44,-0.27,-2.78%,9.7,9.35,14504399,10/27/23
C,Citigroup Inc,38.24,-1.1,-2.80%,39.37,38.17,20654699,10/27/23
VLTO,Veralto Corporation,67.99,-2.01,-2.87%,69.44,67.75,3411900,10/27/23
BX,Blackstone Inc,89.61,-2.69,-2.91%,91.99,88.59,3367700,10/27/23
RF,Regions Financial Corp,14.01,-0.42,-2.91%,14.37,13.97,10743900,10/27/23
UAL,United Airlines Holdings Inc,33.9,-1.02,-2.92%,35.13,33.68,7817900,10/27/23
FLT,Fleetcor Technologies,221.9,-6.67,-2.92%,228.95,221.45,655600,10/27/23
EQR,Equity Residential,54.23,-1.64,-2.94%,55.94,54.15,2418300,10/27/23
RMD,Resmed Inc,134.65,-4.08,-2.94%,146.27,132.24,3019500,10/27/23
FITB,Fifth Third Bancorp,22.89,-0.7,-2.97%,23.64,22.75,4228700,10/27/23
CME,CME Group Inc,209.03,-6.4,-2.97%,215.35,207.79,2000000,10/27/23
DHR,Danaher Corp,187.88,-5.8,-2.99%,193.44,186.85,3966200,10/27/23
VZ,Verizon Communications Inc,33.44,-1.03,-2.99%,34.59,33.34,23924801,10/27/23
DAL,Delta Air Lines Inc,30.65,-0.95,-3.01%,31.8,30.6,10826500,10/27/23
AMGN,Amgen Inc,261.57,-8.14,-3.02%,269.36,260.16,2874900,10/27/23
RL,Ralph Lauren Corp,109.82,-3.45,-3.05%,113.82,109.59,723000,10/27/23
HST,Host Marriott Financial Trust,15.05,-0.48,-3.09%,15.59,14.92,9003500,10/27/23
AVB,Avalonbay Communities,162.59,-5.19,-3.09%,169.31,161.98,1053400,10/27/23
MKTX,Marketaxess Holdings,206.01,-6.59,-3.10%,219.98,204.5,553200,10/27/23
TFC,Truist Financial Corp,27.62,-0.89,-3.12%,28.47,27.38,9322700,10/27/23
INCY,Incyte Corp,52.54,-1.73,-3.19%,54.54,52.36,1495300,10/27/23
TECH,Bio-Techne Cp,59.54,-1.97,-3.20%,61.65,59.34,850500,10/27/23
ZION,Zions Bancorp,29.45,-1,-3.28%,30.67,28.98,2498200,10/27/23
TGT,Target Corp,107.23,-3.64,-3.28%,111.1,106.89,3448100,10/27/23
CMA,Comerica Inc,38.19,-1.3,-3.29%,39.65,37.54,2020000,10/27/23
CNP,Centerpoint Energy Inc,26.69,-0.91,-3.30%,27.51,26.65,5272600,10/27/23
PFE,Pfizer Inc,30.11,-1.05,-3.37%,31.13,30.02,33877098,10/27/23
LH,Laboratory Corp of America Holdings,198.96,-6.96,-3.38%,206.31,198.91,1225600,10/27/23
WHR,Whirlpool Corp,102.1,-3.63,-3.43%,104,98.4,2931400,10/27/23
MAA,Mid-America Apartment Communities,117.57,-4.24,-3.48%,122.33,117.28,1625100,10/27/23
USB,U.S. Bancorp,30.64,-1.13,-3.56%,31.62,30.47,10909301,10/27/23
JPM,JP Morgan Chase & Company,135.69,-5.07,-3.60%,139.1,135.19,17434699,10/27/23
MTB,M&T Bank Corp,108.94,-4.12,-3.64%,112.11,108.53,1031800,10/27/23
BAC,Bank of America Corp,25.17,-0.95,-3.64%,26.07,24.96,64709301,10/27/23
CFG,Citizens Financial Group Inc/Ri,22.87,-0.87,-3.66%,23.63,22.77,4891800,10/27/23
BMY,Bristol-Myers Squibb Company,51.02,-1.95,-3.68%,52.22,49.49,17895301,10/27/23
APTV,Aptiv Plc,86.01,-3.38,-3.78%,89.05,85.55,2188900,10/27/23
AON,AON Plc,306.88,-12.83,-4.01%,313.04,300.41,1899100,10/27/23
BWA,Borgwarner Inc,36.68,-1.58,-4.13%,38.4,36.62,3326100,10/27/23
NDAQ,Nasdaq Inc,47.59,-2.11,-4.25%,49.41,47.56,2966400,10/27/23
ABBV,Abbvie Inc,138.93,-6.27,-4.32%,143,136.03,9427200,10/27/23
LUV,Southwest Airlines Company,22.34,-1.05,-4.49%,23.33,22.22,11576601,10/27/23
GM,General Motors Company,27.22,-1.33,-4.66%,28.63,27.12,25825600,10/27/23
TROW,T Rowe Price Group,88.39,-4.38,-4.72%,93.56,87.43,3215100,10/27/23
VFC,V.F. Corp,16.9,-0.93,-5.22%,18.07,16.82,9416199,10/27/23
FSLR,First Solar Inc,143.26,-7.89,-5.22%,149.7,142.38,3162600,10/27/23
HAS,Hasbro Inc,45.84,-2.53,-5.23%,48.38,45.52,3606200,10/27/23
MRNA,Moderna Inc,71.91,-4.07,-5.36%,76.56,71.55,5440700,10/27/23
VRSN,Verisign Inc,192.63,-11.9,-5.82%,200.9,188.44,1652600,10/27/23
UDR,United Dominion Realty Trust,31.56,-2.03,-6.04%,33.15,31.22,7980800,10/27/23
HES,Hess Corp,143.29,-9.89,-6.46%,150.99,142.76,8660700,10/27/23
CPT,Camden Property Trust,83.98,-5.89,-6.55%,89,83.39,3526800,10/27/23
CVX,Chevron Corp,144.35,-10.4,-6.72%,151.25,143.96,24524301,10/27/23
BIO,Bio-Rad Laboratories,270.68,-20.85,-7.15%,276.27,266.19,847600,10/27/23
EL,Estee Lauder Companies,124.53,-9.7,-7.23%,135.4,123.64,4227300,10/27/23
SEDG,Solaredge Tech,76.99,-6.42,-7.70%,80.61,76.01,5071100,10/27/23
CHTR,Charter Communications Inc,372,-39.71,-9.65%,395.54,369.07,3721100,10/27/23
F,Ford Motor Company,9.96,-1.39,-12.25%,10.97,9.9,187029500,10/27/23
ENPH,Enphase Energy Inc,82.09,-14.09,-14.65%,84.85,79.55,19391199,10/27/23